{
  "mu": [
    5889887.0,
    1823993.25,
    3012968.75,
    4847295.5,
    1.281180739402771,
    1.0500844717025757,
    1.0250290632247925,
    0.0033002428244799376,
    0.30103495717048645
  ],
  "sd": [
    2469298.0,
    1721527.25,
    2117771.75,
    2096803.125,
    4.231697082519531,
    0.31043004989624023,
    0.17441968619823456,
    0.058266278356313705,
    3.8266632556915283
  ]
}